{"cameraMode":{"drawMode":0,"name":"Shaded","section":"Shading Mode"},"sceneLighting":true,"audioPlay":false,"sceneViewState":{"showFog":true,"showMaterialUpdate":false,"showSkybox":true,"showFlares":true,"showImageEffects":true,"showParticleSystems":true},"in2DMode":false,"pivot":{"x":2.5807852745056154,"y":6.557685852050781,"z":-0.3965979516506195},"rotation":{"x":0.055761996656656268,"y":-0.02964245341718197,"z":0.0015729082515463234,"w":0.9980524778366089},"size":140.95919799804688,"orthographic":false}